{
    "observation.state": {
        "min": [
            2.384899377822876,
            -1.7981916666030884,
            1.0549992322921753,
            -2.6721689701080322,
            -1.5994786024093628,
            0.48689165711402893,
            0.0,
            76.0,
            26.0
        ],
        "max": [
            3.2952892780303955,
            -0.6223471760749817,
            2.3359336853027344,
            -1.5582609176635742,
            -1.544984221458435,
            1.6885552406311035,
            1.0,
            558.0,
            441.0
        ],
        "mean": [
            2.9935564659692235,
            -1.3792331791212016,
            1.738940614556635,
            -1.9889752936438825,
            -1.5703944523899842,
            1.1879880376056435,
            0.5124855179245069,
            331.68996031218563,
            191.90201477374148
        ],
        "std": [
            0.16200278686865882,
            0.25131942538515845,
            0.23633936988355386,
            0.30604381435296635,
            0.007393257645557516,
            0.23233413653670135,
            0.4998440888740549,
            122.533190877436,
            120.70520462381808
        ],
        "count": [
            52661
        ],
        "q01": [
            2.8398493987335995,
            -1.6263795858059718,
            1.4813306462167777,
            -2.443921193720484,
            -1.5791056672225672,
            1.0079302816419018,
            0.000341808828842975,
            331.68996031218563,
            191.90201477374148
        ],
        "q10": [
            2.854893358008402,
            -1.600309056760178,
            1.5250483246705229,
            -2.414368643059977,
            -1.5783080255805373,
            1.0355085014073786,
            0.000341808828842975,
            331.68996031218563,
            191.90201477374148
        ],
        "q50": [
            3.0005410114691133,
            -1.4486975538907343,
            1.7392882438286412,
            -1.946975276524106,
            -1.5695148147818865,
            1.1582101590203415,
            0.4880390542836327,
            331.68996031218563,
            191.90201477374148
        ],
        "q90": [
            3.1133287212242484,
            -1.047708535333022,
            1.9653738678976163,
            -1.657867426993247,
            -1.5637879179720848,
            1.4503147114525883,
            0.9999597630821225,
            331.68996031218563,
            191.90201477374148
        ],
        "q99": [
            3.156189449322613,
            -1.0244921797529891,
            2.0169605763658587,
            -1.5726820279852851,
            -1.5632340779721106,
            1.5717963034448834,
            0.9999959763082125,
            331.68996031218563,
            191.90201477374148
        ]
    },
    "frame_index": {
        "min": [
            0
        ],
        "max": [
            669
        ],
        "mean": [
            275.3326750346556
        ],
        "std": [
            169.81837332862432
        ],
        "count": [
            52661
        ],
        "q01": [
            5.035288003243954
        ],
        "q10": [
            54.58104998377883
        ],
        "q50": [
            275.1337648354568
        ],
        "q90": [
            495.9663398493043
        ],
        "q99": [
            545.6191422009676
        ]
    },
    "episode_index": {
        "min": [
            0
        ],
        "max": [
            99
        ],
        "mean": [
            46.01065304494786
        ],
        "std": [
            28.47142089637608
        ],
        "count": [
            52661
        ],
        "q01": [
            46.01065304494786
        ],
        "q10": [
            46.01065304494786
        ],
        "q50": [
            46.010653044947894
        ],
        "q90": [
            46.010653044947894
        ],
        "q99": [
            46.0106530449479
        ]
    },
    "observation.images.side": {
        "min": [
            [
                [
                    0.0
                ]
            ],
            [
                [
                    0.0
                ]
            ],
            [
                [
                    0.0
                ]
            ]
        ],
        "max": [
            [
                [
                    1.0
                ]
            ],
            [
                [
                    1.0
                ]
            ],
            [
                [
                    1.0
                ]
            ]
        ],
        "mean": [
            [
                [
                    0.3908441334244916
                ]
            ],
            [
                [
                    0.37830935928648
                ]
            ],
            [
                [
                    0.3454252421032487
                ]
            ]
        ],
        "std": [
            [
                [
                    0.003860391285645843
                ]
            ],
            [
                [
                    0.002701483272949537
                ]
            ],
            [
                [
                    0.008143356145451012
                ]
            ]
        ],
        "count": [
            11185
        ],
        "q01": [
            [
                [
                    -3.921568627450982e-13
                ]
            ],
            [
                [
                    -3.921568627450982e-13
                ]
            ],
            [
                [
                    -3.921568627450982e-13
                ]
            ]
        ],
        "q10": [
            [
                [
                    -3.921568627450982e-13
                ]
            ],
            [
                [
                    -3.921568627450982e-13
                ]
            ],
            [
                [
                    -3.921568627450982e-13
                ]
            ]
        ],
        "q50": [
            [
                [
                    0.3201872922440663
                ]
            ],
            [
                [
                    0.3200784727659816
                ]
            ],
            [
                [
                    0.31112011996825606
                ]
            ]
        ],
        "q90": [
            [
                [
                    0.8757947559157014
                ]
            ],
            [
                [
                    0.8474615617436034
                ]
            ],
            [
                [
                    0.7635111305839769
                ]
            ]
        ],
        "q99": [
            [
                [
                    0.9736959936177648
                ]
            ],
            [
                [
                    0.8989703536435173
                ]
            ],
            [
                [
                    0.8296240937697654
                ]
            ]
        ]
    },
    "observation.images.top": {
        "min": [
            [
                [
                    0.0
                ]
            ],
            [
                [
                    0.0
                ]
            ],
            [
                [
                    0.0
                ]
            ]
        ],
        "max": [
            [
                [
                    1.0
                ]
            ],
            [
                [
                    1.0
                ]
            ],
            [
                [
                    1.0
                ]
            ]
        ],